PATIENT,DATE_GENOMICS,METHOD_GENOMICS,SOURCE_GENOMICS,ALTERATION_TYPE,GENE,GENE_OTHER,FUSION,STRUCTURAL_EVENT,ALTERATION_STATUS,CHROMOSOME,HGVS_GENOME,HGVS_CODING,HGVS_PROTEIN,GENOME_VERSION,VAF,ABNORMAL_CELLS_KARYO,ABNORMAL_CELLS_FISH,EXTERNAL_DB_ID
551977b5-3ae6-ecac-3974-f250f21beac3,2008-12-30,NGS,Bone marrow,Insertion,NPM1,,,,Pathogenic,,,c.860_863dup,p.Trp288CysfsTer12,GRCh38,0.45,,,
f55bbb82-0dc0-d01e-7f7b-cc655c0bf2be,2024-06-30,RT-PCR,Bone marrow,Fusion,RUNX1,RUNX1T1,RUNX1::RUNX1T1,t(8;21)(q22;q22.1),Pathogenic,,,,,GRCh38,0.48,,,
3c4758a4-ed66-8b73-2711-41dcbff94e9a,1984-05-13,NGS,Bone marrow,Insertion,NPM1,,,,Pathogenic,,,c.860_863dup,p.Trp288CysfsTer12,GRCh38,0.45,,,
e01fe3ec-87df-690a-bb43-1702495d67cc,2020-08-09,NGS,Bone marrow,SNV,IDH1,,,,Pathogenic,,,c.394C>T,p.Arg132Cys,GRCh38,0.4,,,
0f2be9ec-5b95-f362-0882-383752305a74,1986-08-19,NGS,Bone marrow,SNV,IDH1,,,,Pathogenic,,,c.394C>T,p.Arg132Cys,GRCh38,0.4,,,
68edc97f-1050-1337-92aa-ee230923ff16,2003-12-01,RT-PCR,Bone marrow,Fusion,RUNX1,RUNX1T1,RUNX1::RUNX1T1,t(8;21)(q22;q22.1),Pathogenic,,,,,GRCh38,0.48,,,
7536a771-242f-f5af-fafd-fa6f7128cbb7,2011-02-14,NGS,Bone marrow,Insertion,NPM1,,,,Pathogenic,,,c.860_863dup,p.Trp288CysfsTer12,GRCh38,0.45,,,
2a60b40c-52f4-c67c-eafa-24fa2c1db046,2009-07-12,NGS,Bone marrow,Insertion,NPM1,,,,Pathogenic,,,c.860_863dup,p.Trp288CysfsTer12,GRCh38,0.45,,,
4be14408-3743-0fc7-002e-9343c0887f98,2002-09-15,NGS,Bone marrow,Insertion,FLT3,,,,Pathogenic,,,c.1770_1771insATGATG,p.Ile590_Ile591insMetMet,GRCh38,0.42,,,
81c34130-e4d7-01be-9e9a-44cb46b539dd,2012-11-13,NGS,Bone marrow,Insertion,NPM1,,,,Pathogenic,,,c.860_863dup,p.Trp288CysfsTer12,GRCh38,0.45,,,
9659201c-793d-2870-7016-e2dddbba8eda,1987-06-29,RT-PCR,Bone marrow,Fusion,PML,RARA,PML::RARA,t(15;17)(q24.1;q21.2),Pathogenic,,,,,GRCh38,0.5,,,
979b8b07-2072-3c56-720b-13e210b3fc82,1986-09-17,NGS,Bone marrow,Insertion,NPM1,,,,Pathogenic,,,c.860_863dup,p.Trp288CysfsTer12,GRCh38,0.45,,,
3b2eb2d3-92bf-596c-6128-e232af8e3153,2002-10-23,NGS,Bone marrow,Insertion,NPM1,,,,Pathogenic,,,c.860_863dup,p.Trp288CysfsTer12,GRCh38,0.45,,,
a8681438-35b9-12cf-bac3-362130e85f8a,1995-08-18,NGS,Bone marrow,Insertion,NPM1,,,,Pathogenic,,,c.860_863dup,p.Trp288CysfsTer12,GRCh38,0.45,,,
d067fee2-2740-9cf1-fefd-c62b65af69a5,2018-03-20,NGS,Bone marrow,Insertion,NPM1,,,,Pathogenic,,,c.860_863dup,p.Trp288CysfsTer12,GRCh38,0.45,,,
b5926a83-f8e0-9fde-5ee5-dadee8d4bc4f,1996-12-13,NGS,Bone marrow,Insertion,FLT3,,,,Pathogenic,,,c.1770_1771insATGATG,p.Ile590_Ile591insMetMet,GRCh38,0.42,,,
796d8c16-e4c3-ffee-2427-df78a27a2e49,1942-08-04,RT-PCR,Bone marrow,Fusion,RUNX1,RUNX1T1,RUNX1::RUNX1T1,t(8;21)(q22;q22.1),Pathogenic,,,,,GRCh38,0.48,,,
ba573a19-a3b6-c617-63c8-56acf1468d36,1953-02-25,NGS,Bone marrow,Insertion,NPM1,,,,Pathogenic,,,c.860_863dup,p.Trp288CysfsTer12,GRCh38,0.45,,,
9e681a82-ec47-0a53-c10c-1f4f76ed2a4d,2014-01-15,NGS,Bone marrow,SNV,IDH1,,,,Pathogenic,,,c.394C>T,p.Arg132Cys,GRCh38,0.4,,,
77921746-94b4-3e41-9fc5-0f43aea1de27,1999-08-22,NGS,Bone marrow,Insertion,FLT3,,,,Pathogenic,,,c.1770_1771insATGATG,p.Ile590_Ile591insMetMet,GRCh38,0.42,,,
65db6886-9d74-fcf9-cb8d-516132213ff8,1985-07-19,NGS,Bone marrow,Insertion,FLT3,,,,Pathogenic,,,c.1770_1771insATGATG,p.Ile590_Ile591insMetMet,GRCh38,0.42,,,
9d8cf364-ddc3-8b58-8aeb-a34008872a49,2016-08-16,NGS,Bone marrow,Insertion,NPM1,,,,Pathogenic,,,c.860_863dup,p.Trp288CysfsTer12,GRCh38,0.45,,,
779176cf-63aa-6543-663b-c1e08d8dd107,2016-07-05,NGS,Bone marrow,Insertion,NPM1,,,,Pathogenic,,,c.860_863dup,p.Trp288CysfsTer12,GRCh38,0.45,,,
7f5f6b56-1c72-e466-2d84-cde4e2af0632,2007-01-28,NGS,Bone marrow,Insertion,FLT3,,,,Pathogenic,,,c.1770_1771insATGATG,p.Ile590_Ile591insMetMet,GRCh38,0.42,,,
8c6037b4-52b8-8497-cbbd-2b33a2444d24,1992-09-07,NGS,Bone marrow,Insertion,FLT3,,,,Pathogenic,,,c.1770_1771insATGATG,p.Ile590_Ile591insMetMet,GRCh38,0.42,,,
867970fe-aace-33a1-48c6-d47efe0076e3,2007-10-27,RT-PCR,Bone marrow,Fusion,RUNX1,RUNX1T1,RUNX1::RUNX1T1,t(8;21)(q22;q22.1),Pathogenic,,,,,GRCh38,0.48,,,
58fb692d-796a-ec70-c786-501df3e9111a,1973-07-09,NGS,Bone marrow,Insertion,FLT3,,,,Pathogenic,,,c.1770_1771insATGATG,p.Ile590_Ile591insMetMet,GRCh38,0.42,,,
6933deae-b696-156e-3644-bce0d9643f85,1981-05-26,NGS,Bone marrow,SNV,TP53,,,,Pathogenic,,,c.817C>T,p.Arg273Cys,GRCh38,0.55,,,
6933deae-b696-156e-3644-bce0d9643f85,1981-07-19,NGS,Bone marrow,SNV,ASXL1,,,,Pathogenic,,,c.1900_1901dup,p.Glu634GlyfsTer12,GRCh38,0.38,,,
162b473e-cbb9-c4c0-4a56-8a5fc9153933,1966-01-19,NGS,Bone marrow,SNV,IDH1,,,,Pathogenic,,,c.394C>T,p.Arg132Cys,GRCh38,0.4,,,
30cbc755-45df-d185-cc21-40f15a25d6dd,1969-01-02,NGS,Bone marrow,SNV,IDH1,,,,Pathogenic,,,c.394C>T,p.Arg132Cys,GRCh38,0.4,,,
17662471-408b-1082-07fd-bb3bc53ca0b3,1948-10-21,NGS,Bone marrow,Insertion,FLT3,,,,Pathogenic,,,c.1770_1771insATGATG,p.Ile590_Ile591insMetMet,GRCh38,0.42,,,
aa395443-c635-8e51-7791-0ae04956dd50,1977-11-27,NGS,Bone marrow,SNV,TP53,,,,Pathogenic,,,c.817C>T,p.Arg273Cys,GRCh38,0.55,,,
aa395443-c635-8e51-7791-0ae04956dd50,1977-05-16,NGS,Bone marrow,SNV,ASXL1,,,,Pathogenic,,,c.1900_1901dup,p.Glu634GlyfsTer12,GRCh38,0.38,,,
2bf59e39-d7aa-81b8-b684-f1b966bfd351,1988-08-21,NGS,Bone marrow,Insertion,FLT3,,,,Pathogenic,,,c.1770_1771insATGATG,p.Ile590_Ile591insMetMet,GRCh38,0.42,,,
86471960-331d-47f7-2a28-95d9eeb3721f,2002-01-29,NGS,Bone marrow,Insertion,NPM1,,,,Pathogenic,,,c.860_863dup,p.Trp288CysfsTer12,GRCh38,0.45,,,
42699f54-c5da-c122-c414-0a1bb107a078,1958-10-30,NGS,Bone marrow,SNV,IDH1,,,,Pathogenic,,,c.394C>T,p.Arg132Cys,GRCh38,0.4,,,
aded9f1a-9168-4ea7-9697-2db9b972a79b,1985-09-19,NGS,Bone marrow,SNV,TP53,,,,Pathogenic,,,c.817C>T,p.Arg273Cys,GRCh38,0.55,,,
aded9f1a-9168-4ea7-9697-2db9b972a79b,1985-12-05,NGS,Bone marrow,SNV,ASXL1,,,,Pathogenic,,,c.1900_1901dup,p.Glu634GlyfsTer12,GRCh38,0.38,,,
a7378bbc-154e-437e-d6b0-c8471b17ee4b,2004-05-14,NGS,Bone marrow,Insertion,NPM1,,,,Pathogenic,,,c.860_863dup,p.Trp288CysfsTer12,GRCh38,0.45,,,
c621f0b1-2f4c-9aab-6a00-480c40d2ca4b,1990-12-15,RT-PCR,Bone marrow,Fusion,RUNX1,RUNX1T1,RUNX1::RUNX1T1,t(8;21)(q22;q22.1),Pathogenic,,,,,GRCh38,0.48,,,
3ac48c18-cfc0-1217-3d22-dba4bffc84d0,1990-06-13,NGS,Bone marrow,Insertion,NPM1,,,,Pathogenic,,,c.860_863dup,p.Trp288CysfsTer12,GRCh38,0.45,,,
